exponent,unbiased,linear,attn,mlp,ple_proj,embed
0,-127,10,10,0,0,0
88,-39,1,0,1,0,0
89,-38,2,0,2,0,0
91,-36,2,1,1,0,0
92,-35,9,0,9,0,0
93,-34,5,0,5,0,1
94,-33,25,3,22,0,2
95,-32,46,6,37,3,7
96,-31,75,10,63,2,10
97,-30,160,18,139,3,25
98,-29,286,45,224,17,43
99,-28,633,90,514,29,109
100,-27,1176,198,937,41,197
101,-26,2436,347,1997,92,339
102,-25,4858,732,3929,197,633
103,-24,9651,1486,7762,403,1355
104,-23,19471,3033,15667,771,2693
105,-22,38935,6016,31394,1525,5423
106,-21,78564,11993,63630,2941,10851
107,-20,156232,23996,126101,6135,21802
108,-19,313204,48083,252949,12172,43396
109,-18,625346,96393,504853,24100,87323
110,-17,1248730,191973,1009002,47755,175108
111,-16,2498403,383596,2018933,95874,349709
112,-15,4994369,767455,4034382,192532,700240
113,-14,9989674,1531648,8074372,383654,1398517
114,-13,19985346,3067423,16150959,766964,2799107
115,-12,39941861,6118672,32297468,1525721,5594569
116,-11,79638205,12201664,64529816,2906725,11179784
117,-10,158014233,24263479,128671096,5079658,22304103
118,-9,309907356,47711654,254187817,8007885,44309866
119,-8,587365568,90313193,485262426,11789949,86504620
120,-7,992102962,153324728,822501787,16276447,156184715
121,-6,1179611423,190262896,971168071,18180456,213611277
122,-5,581652965,101049267,468998410,11605288,118648066
123,-4,56762028,10433945,42188121,4139962,7126645
124,-3,2571167,423435,892173,1255559,24895
125,-2,275995,15096,19305,241594,3206
126,-1,31143,216,26,30901,4
127,0,5,0,0,5,0
