exponent,unbiased,linear,attn,mlp,embed
89,-38,5,1,4,0
90,-37,1,0,1,0
91,-36,8,2,6,1
92,-35,11,4,7,1
93,-34,21,5,16,7
94,-33,58,11,47,11
95,-32,116,26,90,13
96,-31,174,45,129,21
97,-30,402,87,315,35
98,-29,844,182,662,98
99,-28,1631,355,1276,202
100,-27,3486,757,2729,396
101,-26,6596,1429,5167,725
102,-25,13276,2843,10433,1474
103,-24,26820,5700,21120,3031
104,-23,52998,11338,41660,5944
105,-22,106158,22357,83801,12145
106,-21,212332,45545,166787,23673
107,-20,425500,90904,334596,47195
108,-19,850441,182227,668214,95400
109,-18,1703804,364393,1339411,190057
110,-17,3400983,729299,2671684,382335
111,-16,6810007,1458196,5351811,761036
112,-15,13625065,2921679,10703386,1524946
113,-14,27233848,5829500,21404348,3049002
114,-13,54458908,11661173,42797735,6096571
115,-12,108872586,23314758,85557828,12196132
116,-11,217354614,46503855,170850759,24405096
117,-10,431909263,92391438,339517825,48590669
118,-9,844142748,180871488,663271260,95659471
119,-8,1563289055,338869409,1224419646,180870620
120,-7,2499900805,559643491,1940257314,293047088
121,-6,2932678926,665992016,2266686910,279789015
122,-5,1870250972,402191943,1468059029,59282446
123,-4,315622602,71027101,244595501,552493
124,-3,6507209,2240457,4266752,28648
125,-2,465778,103882,361896,9793
126,-1,19410,3996,15414,7160
127,0,59,28,31,5
128,1,0,0,0,4
129,2,0,0,0,1
