layer,tensors,numel,T32_best_real,T32_best_shuf_row,T32_best_shuf_tensor,T64_best_real,T64_best_shuf_row,T64_best_shuf_tensor,T128_best_real,T128_best_shuf_row,T128_best_shuf_tensor
0,7,224133120,12.9583,12.9651,13.0341,12.2086,12.2125,12.253,11.7633,11.7668,11.8031
1,7,224133120,12.9362,12.9418,13.0034,12.1915,12.1947,12.2265,11.7457,11.7485,11.7749
2,7,224133120,12.863,12.8649,12.9012,12.154,12.1552,12.1762,11.714,11.7151,11.7335
3,7,224133120,12.8085,12.8097,12.8396,12.1284,12.1293,12.1459,11.6947,11.6955,11.7076
4,7,224133120,12.7783,12.7798,12.8087,12.1134,12.1144,12.1329,11.6843,11.6853,11.7006
5,6,241827840,12.7681,12.7707,12.7998,12.1071,12.1089,12.1263,11.6791,11.6805,11.6944
6,7,224133120,12.7646,12.7656,12.8115,12.0994,12.1001,12.1238,11.6672,11.6678,11.6844
7,7,224133120,12.7607,12.7615,12.8224,12.0973,12.0979,12.1303,11.6657,11.6661,11.6903
8,7,224133120,12.775,12.7764,12.8366,12.1096,12.1105,12.1456,11.6797,11.6806,11.7103
9,7,224133120,12.7695,12.7726,12.834,12.1038,12.1057,12.1466,11.6723,11.674,11.7104
10,7,224133120,12.7789,12.781,12.8644,12.1062,12.1074,12.1539,11.672,11.6729,11.7115
11,6,241827840,12.7968,12.8042,12.886,12.1189,12.1219,12.1732,11.6855,11.6872,11.7329
12,7,224133120,12.7665,12.7689,12.7817,12.095,12.0962,12.1028,11.6582,11.6592,11.6637
13,7,224133120,12.776,12.779,12.8007,12.1012,12.1028,12.1132,11.6644,11.6657,11.6725
14,7,224133120,12.7749,12.7763,12.795,12.1026,12.1033,12.1126,11.6673,11.6676,11.6738
15,7,224133120,12.7788,12.7819,12.8042,12.1043,12.1059,12.1159,11.6681,11.6691,11.675
16,7,224133120,12.782,12.7864,12.8153,12.1059,12.1082,12.121,11.6695,11.6712,11.6787
17,6,241827840,12.7821,12.7893,12.8213,12.1078,12.1112,12.1267,11.6732,11.6751,11.6854
18,7,224133120,12.7871,12.7891,12.8252,12.1099,12.111,12.1277,11.6739,11.6745,11.6849
19,7,224133120,12.7914,12.793,12.8289,12.1125,12.1135,12.1312,11.6761,11.6769,11.6889
20,7,224133120,12.7782,12.7818,12.8191,12.1115,12.1138,12.1341,11.6812,11.683,11.698
21,7,224133120,12.77,12.7728,12.811,12.1065,12.1082,12.1288,11.6765,11.678,11.6931
22,7,224133120,12.7678,12.7699,12.8061,12.1048,12.1061,12.1251,11.6749,11.6759,11.6895
23,6,241827840,12.7842,12.79,12.8417,12.1137,12.1173,12.1451,11.6824,11.6851,11.7078
24,7,224133120,12.7798,12.7821,12.8189,12.1062,12.1076,12.1262,11.671,11.6723,11.6855
25,7,224133120,12.792,12.7935,12.8346,12.1125,12.1133,12.1346,11.6757,11.6764,11.6921
26,7,224133120,12.7863,12.7899,12.8329,12.115,12.1175,12.1434,11.6835,11.6857,11.7089
27,7,224133120,12.7678,12.7694,12.8052,12.108,12.109,12.13,11.6803,11.6812,11.6986
28,7,224133120,12.7824,12.7903,12.8465,12.1135,12.1184,12.1477,11.6824,11.687,11.7102
29,6,241827840,12.7967,12.8047,12.8723,12.1179,12.1224,12.1593,11.6838,11.6869,11.7189
30,7,224133120,12.7846,12.7867,12.8247,12.1067,12.108,12.126,11.6694,11.6705,11.6824
31,7,224133120,12.786,12.788,12.8313,12.1079,12.1089,12.1301,11.6709,11.6717,11.6865
32,7,224133120,12.7806,12.7831,12.824,12.1131,12.1147,12.1384,11.6826,11.6843,11.704
33,7,224133120,12.7878,12.7913,12.8375,12.1166,12.1188,12.145,11.685,11.6868,11.7084
34,7,224133120,12.7634,12.7667,12.8011,12.1042,12.1059,12.1257,11.6762,11.6776,11.6931
35,6,241827840,12.7771,12.7851,12.8438,12.1086,12.1132,12.144,11.6777,11.681,11.7076
36,7,224133120,12.7614,12.7632,12.788,12.0968,12.0979,12.1106,11.6642,11.6651,11.6739
37,7,224133120,12.7597,12.762,12.7839,12.0952,12.0963,12.1075,11.6624,11.6632,11.6708
38,7,224133120,12.7576,12.761,12.7879,12.1013,12.1035,12.1198,11.6742,11.6763,11.6899
39,7,224133120,12.756,12.7588,12.7901,12.1008,12.1026,12.1203,11.6744,11.6759,11.69
40,7,224133120,12.7588,12.7625,12.798,12.1015,12.1038,12.1229,11.6742,11.6761,11.6901
41,6,241827840,12.7753,12.7836,12.8438,12.1104,12.1142,12.1464,11.6832,11.686,11.714
42,7,224133120,12.7506,12.7517,12.775,12.0894,12.0901,12.1013,11.6569,11.6575,11.6644
43,7,224133120,12.7496,12.7518,12.7752,12.0887,12.09,12.1014,11.6563,11.6573,11.6644
44,7,224133120,12.7444,12.7468,12.7706,12.0984,12.0998,12.1145,11.6766,11.6778,11.6902
45,7,224133120,12.7458,12.7485,12.7803,12.0963,12.0978,12.1157,11.6722,11.6733,11.6874
46,7,224133120,12.751,12.754,12.7886,12.0998,12.1015,12.1221,11.6755,11.6769,11.6949
47,6,241827840,12.7736,12.777,12.815,12.108,12.1097,12.132,11.678,11.6792,11.6977
