exponent,unbiased,linear,attn,linattn,mlp,embed
0,-127,0,0,0,0,6246
86,-41,1,0,0,1,0
87,-40,1,0,0,1,0
88,-39,3,0,0,3,0
89,-38,1,0,1,0,0
90,-37,3,1,1,1,0
91,-36,9,0,2,7,0
92,-35,21,2,3,16,2
93,-34,35,1,3,31,8
94,-33,53,4,11,38,15
95,-32,95,2,16,77,28
96,-31,220,16,37,167,63
97,-30,491,41,74,376,106
98,-29,919,53,142,724,220
99,-28,1707,116,300,1291,431
100,-27,3486,224,630,2632,909
101,-26,7003,446,1228,5329,1773
102,-25,13976,916,2479,10581,3584
103,-24,27701,1674,4932,21095,11142
104,-23,55419,3539,9739,42141,14007
105,-22,111602,7053,19761,84788,28140
106,-21,223800,14301,39618,169881,56790
107,-20,446780,28240,78621,339919,113866
108,-19,894162,56335,157910,679917,227285
109,-18,1790663,113775,316969,1359919,451278
110,-17,3577733,226408,631542,2719783,907165
111,-16,7150439,451075,1263100,5436264,1805604
112,-15,14307116,903793,2525270,10878053,3610239
113,-14,28611940,1806610,5047067,21758263,7224680
114,-13,57198614,3610854,10090415,43497345,14441040
115,-12,114359991,7224872,20186863,86948256,28849201
116,-11,228311259,14432577,40318986,173559696,57550094
117,-10,453305290,28679093,80232308,344393889,114239718
118,-9,881370852,56002340,157628505,667740007,222971498
119,-8,1584618259,102532687,295116362,1186969210,410778985
120,-7,2177209888,152550494,466374364,1558285030,618911870
121,-6,1383520239,127704699,430688383,825127157,482110311
122,-5,181394478,30694224,98188705,52511549,69432730
123,-4,3319018,1396109,1649286,273623,480139
124,-3,87601,37292,35290,15019,8143
125,-2,6673,2240,3420,1013,130
126,-1,643,195,388,60,0
127,0,8,3,5,0,0
